Fund Name,P1,P2,P3,P4,P5,Topsis Score,Rank
M1,0.91,0.83,5.2,41.7,12.16,0.5883843100011483,3
M2,0.6,0.36,3.8,51.0,13.94,0.2583471681980225,8
M3,0.84,0.71,5.6,59.7,16.71,0.7355710659068971,2
M4,0.74,0.55,6.7,34.4,10.6,0.46432427837006174,6
M5,0.68,0.46,5.5,57.4,16.01,0.49487556268829425,5
M6,0.9,0.81,5.3,62.8,17.45,0.7908479004549379,1
M7,0.65,0.42,3.0,69.4,18.37,0.4311893101467841,7
M8,0.7,0.49,4.3,67.3,18.2,0.5152707708338106,4
